"Age","Benefit","NetSinglePremium","Die","SurviveYears"
0.9280756928,4575,-3.33296242501653e+143,0,-0.9280756928
